{
    "proposals": {
        "1": {
            "desc": "New house for",
            "id": "a4863f45-4c43-431d-8f64-2a0f1cd7eb3e",
            "yes_wallet": "0xd134151e9a4b8c112c2cef6aeab8afe0413154d0",
            "no_wallet": "0x700a3855630cb38f0782c0caa4c0c125b364bc18",
            "status": "finished",
            "winner": "tie",
            "final_yes_votes": 2,
            "final_no_votes": 2
        },
        "2": {
            "desc": "New DAO",
            "id": "637d7e4c-d728-4873-8d97-15e5e54a2703",
            "yes_wallet": "0x0d53311d70546e7aba8258df7575991cc0896c34",
            "no_wallet": "0x6b2405a67b8ba00afceea450fa76717382864196",
            "status": "finished",
            "winner": "yes",
            "final_yes_votes": 3,
            "final_no_votes": 2
        },
        "3": {
            "desc": "More minting",
            "id": "5873d780-9e2f-4eaa-ba8b-6dbcebb26420",
            "yes_wallet": "0x49940440d342880717aacd8e4510962560bcee3c",
            "no_wallet": "0x9059663dfe8c395d33b93517d6fb5b6bb894beb9",
            "status": "finished",
            "winner": "no",
            "final_yes_votes": 2,
            "final_no_votes": 3
        }
    }
}

